,accuracy,precision,recall,f1,roc_auc,train_time_s
XGBoost,0.8925425719318849,0.8679953106682298,0.8375565610859729,0.8525043177892919,0.9603144543020207,1.3252053509968391
Neural Network (Keras),0.8746330005871991,0.8502334490602179,0.8033936651583711,0.8261501773977782,0.9483184293376267,10.912070800997753
Random Forest,0.8680060397617649,0.8852348084991203,0.7399321266968326,0.806087867397868,0.9482334218182674,2.1116924909983936
Decision Tree,0.8588205687442328,0.8344330400782014,0.7725113122171946,0.8022791353383458,0.936941058688404,0.9220785710022028
Logistic Regression,0.8211140005033135,0.7333469346118535,0.8132352941176471,0.7712278066834737,0.9077393753231092,4.970089762999123
