,accuracy,precision,recall,f1,roc_auc,train_time_s
XGBoost,0.8933814277325728,0.8701222378937471,0.8374434389140272,0.8534701406502191,0.9614247851417699,3.5887223950012412
Neural Network (Keras),0.8718228336548948,0.842654028436019,0.8045248868778281,0.8231481481481482,0.9459701338464072,15.553924091997033
Random Forest,0.8643989598188071,0.8828349037279803,0.7313348416289592,0.7999752521190373,0.9454789625335023,1.8309300139990228
Decision Tree,0.8550876604311719,0.8190543903306079,0.7819004524886878,0.8000462989756352,0.9328612746053166,0.9067597670000396
Logistic Regression,0.8189749182115594,0.7311937857726901,0.8092760180995475,0.7682560137457045,0.90640458346127,5.56676037500074
