,accuracy,precision,recall,f1,roc_auc,train_time_s
XGBoost,0.8886264917977481,0.8699235547061634,0.8243350311262027,0.846515952809903,0.9563786938520453,4.876257096002519
Neural Network (Keras),0.8636191118795598,0.8509838325604713,0.7685342388228636,0.8076602830974188,0.9377756859354784,12.64462459400238
Random Forest,0.8592755028887108,0.8803265080243498,0.7202037351443124,0.7922554939924049,0.9362605482523659,2.143763065992971
Decision Tree,0.8486484206975077,0.8222358722358722,0.7575551782682513,0.7885714285714286,0.9253376661780293,0.8880325009959051
Logistic Regression,0.8095559397798676,0.7288333156723535,0.7784946236559139,0.75284588441331,0.8931011996990729,1.7345717040007003
