,accuracy,precision,recall,f1,roc_auc,train_time_s
XGBoost,0.8886264917977481,0.8699235547061634,0.8243350311262027,0.846515952809903,0.9563786938520453,4.703371455994784
Neural Network (MLP),0.8618901024754354,0.8358299106064266,0.7831352574985851,0.8086250219131654,0.9365987869039057,9.10997495999618
Random Forest,0.8592755028887108,0.8803265080243498,0.7202037351443124,0.7922554939924049,0.9362605482523659,2.0758461890000035
Decision Tree,0.8486484206975077,0.8222358722358722,0.7575551782682513,0.7885714285714286,0.9253376661780293,0.8953452740024659
Logistic Regression,0.8095559397798676,0.7288333156723535,0.7784946236559139,0.75284588441331,0.8931011996990729,1.881938247999642
